<?xml version="1.0" encoding="UTF-8"?>
<project-private xmlns="http://www.netbeans.org/ns/project-private/1">
    <editor-bookmarks xmlns="http://www.netbeans.org/ns/editor-bookmarks/2" lastBookmarkId="0"/>
    <open-files xmlns="http://www.netbeans.org/ns/projectui-open-files/2">
        <group>
            <file>file:/C:/Users/ABHISHEK%20KUMAR/Documents/NetBeansProjects/lifestylestore/public_html/product.html</file>
            <file>file:/C:/Users/ABHISHEK%20KUMAR/Documents/NetBeansProjects/lifestylestore/public_html/login.html</file>
            <file>file:/C:/Users/ABHISHEK%20KUMAR/Documents/NetBeansProjects/lifestylestore/public_html/cartpage.html</file>
            <file>file:/C:/Users/ABHISHEK%20KUMAR/Documents/NetBeansProjects/lifestylestore/public_html/stylesheet.css</file>
            <file>file:/C:/Users/ABHISHEK%20KUMAR/Documents/NetBeansProjects/lifestylestore/public_html/signup.html</file>
            <file>file:/C:/Users/ABHISHEK%20KUMAR/Documents/NetBeansProjects/lifestylestore/public_html/sucess.html</file>
            <file>file:/C:/Users/ABHISHEK%20KUMAR/Documents/NetBeansProjects/lifestylestore/public_html/index.html</file>
            <file>file:/C:/Users/ABHISHEK%20KUMAR/Documents/NetBeansProjects/lifestylestore/public_html/setting.html</file>
        </group>
    </open-files>
</project-private>
